time,dataset,iterations count,learning rate,classifier,best L2 loss training,best L1 Loss training,best L2 loss testing,best L1 loss testing,random seed number,best weight vector
2023_02_23 01_20_15,regression_synthetic_1.npz,1000,0.001,L1CLASSIFIER,425.1928779442434,16.729179662253795,435.91151095790485,17.157029685036164,66727,[-13.54391961   1.88466141  -0.60716457]
2023_02_23 01_21_10,regression_synthetic_1.npz,10000,0.001,L1CLASSIFIER,16.216171080941518,3.2221012896215444,15.180382040998193,2.996850177529525,14390,[-0.41594589  1.02989651  2.03463573]
2023_02_23 01_21_44,regression_synthetic_1.npz,10000,0.005,L1CLASSIFIER,16.05093013449431,3.2080822557670308,15.111591480362119,3.0025227423345324,94276,[-0.00404208  1.03048402  2.03611283]
2023_02_23 01_22_15,regression_synthetic_1.npz,10000,0.005,L2CLASSIFIER,16.030983287812607,3.209226977245924,15.130059971819124,3.01365761114928,51131,[-0.01412724  1.01759421  2.01487105]
2023_02_23 01_22_34,regression_synthetic_1.npz,10000,0.001,L2CLASSIFIER,16.03098328781261,3.2092269772794353,15.13005997457663,3.013657611943586,85446,[-0.01412723  1.01759421  2.01487105]
2023_02_23 01_23_18,regression_synthetic_2.npz,10000,0.001,L2CLASSIFIER,32.48955616604869,3.948276566837275,28.971934560077393,4.079497379431421,64074,[-0.03616866 -1.98636966  0.96474632]
2023_02_23 01_23_44,regression_synthetic_2.npz,10000,0.005,L2CLASSIFIER,32.48955616604869,3.9482765667877504,28.971934561107492,4.079497379321312,58605,[-0.03616864 -1.98636966  0.96474632]
2023_02_23 01_24_04,regression_synthetic_2.npz,10000,0.005,L1CLASSIFIER,32.495093521387425,3.9474524396848456,28.913439870478538,4.068271647057446,22335,[-0.0066936  -1.98847646  0.97625058]
2023_02_23 01_24_21,regression_synthetic_2.npz,10000,0.001,L1CLASSIFIER,32.88476751029132,4.001495554778662,29.238259713153273,4.117254108285862,8287,[-0.66160118 -1.98815032  0.97791352]
