time,dataset,iterations count,learning rate,classifier,best L2 loss training,best L1 Loss training,best L2 loss testing,best L1 loss testing,random seed number,best weight vector
2023_02_23 11_46_27,housing.csv,10000,0.001,L1CLASSIFIER,20348733997.18356,101812.89495044693,21917039379.134644,103717.87605841662,0,"[  -0.96913004 -365.94192802  102.6635344   115.62932854   41.52267193
  -25.88607857   -8.29549124   55.15504747   21.43809907   -1.52503929]"
2023_02_23 11_48_10,housing.csv,10000,0.01,L1CLASSIFIER,11853550159.549324,82374.9331355682,11718865329.868519,82067.96193854207,3331,"[ 3.48982905e-01 -1.24181291e+03  3.10261658e+02  4.82277695e+02
  3.36572304e+01 -2.34598680e+02 -5.33588583e+01  2.59973873e+02
  1.08906133e+02  3.80388936e+00]"
2023_02_23 23_22_32,housing.csv,10000,0.001,L1CLASSIFIER,20560784106.153446,102048.56515758684,19937052539.771866,100754.61365542652,78098,"[  -3.05443227 -374.13313579  108.57651362  107.90862674   41.15948546
  -26.91637235   -8.31957529   56.21817056   19.78856599    6.20746251]"
